Invoice #,Customer,Customer (KH),Date,Due Date,Exchange Rate,Exchange Type,Total,Balance,PO#
IIV009948,Cas Biz Technology,,2023-07-31,2023-08-31,4130.0000,NBC,50.0000,50.0000,
IIV009947,Cas Biz Technology,,2023-07-31,2023-08-31,4130.0000,NBC,50.0000,50.0000,
IIV009946,Cas Biz Technology,,2023-07-31,2023-08-31,4130.0000,NBC,50.0000,50.0000,
IIV009945,Cas Biz Technology,,2023-07-31,2023-08-31,4130.0000,NBC,50.0000,50.0000,
IIV009944,Cas Biz Technology,,2023-07-31,2023-08-31,4130.0000,NBC,50.0000,50.0000,
IIV009943,Cas Biz Technology,,2023-07-31,2023-08-31,4130.0000,NBC,50.0000,50.0000,
IIV009942,Cas Biz Technology,,2023-07-31,2023-08-31,4130.0000,NBC,50.0000,50.0000,
IIV009941,Cas Biz Technology,,2023-07-31,2023-08-31,4130.0000,NBC,50.0000,50.0000,
IIV009940,Cas Biz Technology,,2023-07-31,2023-08-31,4130.0000,NBC,50.0000,50.0000,
IIV009939,Cas Biz Technology,,2023-07-31,2023-08-31,4130.0000,NBC,50.0000,50.0000,
IIV009938,Cas Biz Technology,,2023-07-31,2023-08-31,4130.0000,NBC,50.0000,50.0000,
IIV009937,Cas Biz Technology,,2023-07-31,2023-08-31,4130.0000,NBC,50.0000,50.0000,
IIV009936,Cas Biz Technology,,2023-07-31,2023-08-31,4130.0000,NBC,50.0000,50.0000,
IIV009935,Cas Biz Technology,,2023-07-31,2023-08-31,4130.0000,NBC,50.0000,50.0000,
IIV009934,Cas Biz Technology,,2023-07-31,2023-08-31,4130.0000,NBC,50.0000,50.0000,
IIV009933,Cas Biz Technology,,2023-07-31,2023-08-31,4130.0000,NBC,50.0000,50.0000,
IIV009932,Cas Biz Technology,,2023-07-31,2023-08-31,4130.0000,NBC,50.0000,50.0000,
IIV009931,Cas Biz Technology,,2023-07-31,2023-08-31,4130.0000,NBC,50.0000,50.0000,
IIV009930,Cas Biz Technology,,2023-07-31,2023-08-31,4130.0000,NBC,50.0000,50.0000,
IIV009929,Cas Biz Technology,,2023-07-31,2023-08-31,4130.0000,NBC,50.0000,50.0000,
IIV009928,Cas Biz Technology,,2023-07-31,2023-08-31,4130.0000,NBC,50.0000,50.0000,
IIV009927,Cas Biz Technology,,2023-07-31,2023-08-31,4130.0000,NBC,50.0000,50.0000,
IIV009926,Cas Biz Technology,,2023-07-31,2023-08-31,4130.0000,NBC,50.0000,50.0000,
IIV009925,Cas Biz Technology,,2023-07-31,2023-08-31,4130.0000,NBC,50.0000,50.0000,
IIV009924,Cas Biz Technology,,2023-07-31,2023-08-31,4130.0000,NBC,50.0000,50.0000,
IIV009923,Cas Biz Technology,,2023-07-31,2023-08-31,4130.0000,NBC,50.0000,50.0000,
IIV009922,Cas Biz Technology,,2023-07-31,2023-08-31,4130.0000,NBC,50.0000,50.0000,
IIV009921,Cas Biz Technology,,2023-07-31,2023-08-31,4130.0000,NBC,50.0000,50.0000,
IIV009920,Cas Biz Technology,,2023-07-31,2023-08-31,4130.0000,NBC,50.0000,50.0000,
IIV009919,Cas Biz Technology,,2023-07-31,2023-08-31,4130.0000,NBC,50.0000,50.0000,
IIV009918,Cas Biz Technology,,2023-07-31,2023-08-31,4130.0000,NBC,50.0000,50.0000,
IIV009917,Cas Biz Technology,,2023-07-31,2023-08-31,4130.0000,NBC,50.0000,50.0000,
IIV009916,Cas Biz Technology,,2023-07-31,2023-08-31,4130.0000,NBC,50.0000,50.0000,
IIV009915,Cas Biz Technology,,2023-07-31,2023-08-31,4130.0000,NBC,50.0000,50.0000,
IIV009914,Cas Biz Technology,,2023-07-31,2023-08-31,4130.0000,NBC,50.0000,50.0000,
IIV009913,Cas Biz Technology,,2023-07-31,2023-08-31,4130.0000,NBC,50.0000,50.0000,
IIV009912,Cas Biz Technology,,2023-07-31,2023-08-31,4130.0000,NBC,50.0000,50.0000,
IIV009911,Cas Biz Technology,,2023-07-31,2023-08-31,4130.0000,NBC,50.0000,50.0000,
IIV009910,Cas Biz Technology,,2023-07-31,2023-08-31,4130.0000,NBC,50.0000,50.0000,
IIV009909,Cas Biz Technology,,2023-07-31,2023-08-31,4130.0000,NBC,50.0000,50.0000,
IIV009908,Cas Biz Technology,,2023-07-31,2023-08-31,4130.0000,NBC,50.0000,50.0000,
IIV009907,Cas Biz Technology,,2023-07-31,2023-08-31,4130.0000,NBC,50.0000,50.0000,
IIV009906,Cas Biz Technology,,2023-07-31,2023-08-31,4130.0000,NBC,50.0000,50.0000,
IIV009905,Cas Biz Technology,,2023-07-31,2023-08-31,4130.0000,NBC,50.0000,50.0000,
IIV009904,Cas Biz Technology,,2023-07-31,2023-08-31,4130.0000,NBC,50.0000,50.0000,
IIV009903,Cas Biz Technology,,2023-07-31,2023-08-31,4130.0000,NBC,50.0000,50.0000,
IIV009902,Cas Biz Technology,,2023-07-31,2023-08-31,4130.0000,NBC,50.0000,50.0000,
IIV009901,Cas Biz Technology,,2023-07-31,2023-08-31,4130.0000,NBC,50.0000,50.0000,
IIV009900,Cas Biz Technology,,2023-07-31,2023-08-31,4130.0000,NBC,50.0000,50.0000,
IIV009899,Cas Biz Technology,,2023-07-31,2023-08-31,4130.0000,NBC,50.0000,50.0000,
IIV009898,Cas Biz Technology,,2023-07-30,2023-08-30,4130.0000,NBC,50.0000,50.0000,
IIV009897,Cas Biz Technology,,2023-07-30,2023-08-30,4130.0000,NBC,50.0000,50.0000,
IIV009896,Cas Biz Technology,,2023-07-30,2023-08-30,4130.0000,NBC,50.0000,50.0000,
IIV009895,Cas Biz Technology,,2023-07-30,2023-08-30,4130.0000,NBC,50.0000,50.0000,
IIV009894,Cas Biz Technology,,2023-07-30,2023-08-30,4130.0000,NBC,50.0000,50.0000,
IIV009893,Cas Biz Technology,,2023-07-30,2023-08-30,4130.0000,NBC,50.0000,50.0000,
IIV009892,Cas Biz Technology,,2023-07-30,2023-08-30,4130.0000,NBC,50.0000,50.0000,
IIV009891,Cas Biz Technology,,2023-07-30,2023-08-30,4130.0000,NBC,50.0000,50.0000,
IIV009890,Cas Biz Technology,,2023-07-30,2023-08-30,4130.0000,NBC,50.0000,50.0000,
IIV009889,Cas Biz Technology,,2023-07-30,2023-08-30,4130.0000,NBC,50.0000,50.0000,
IIV009888,Cas Biz Technology,,2023-07-30,2023-08-30,4130.0000,NBC,50.0000,50.0000,
IIV009887,Cas Biz Technology,,2023-07-30,2023-08-30,4130.0000,NBC,50.0000,50.0000,
IIV009886,Cas Biz Technology,,2023-07-30,2023-08-30,4130.0000,NBC,50.0000,50.0000,
IIV009885,Cas Biz Technology,,2023-07-30,2023-08-30,4130.0000,NBC,50.0000,50.0000,
IIV009884,Cas Biz Technology,,2023-07-30,2023-08-30,4130.0000,NBC,50.0000,50.0000,
IIV009883,Cas Biz Technology,,2023-07-30,2023-08-30,4130.0000,NBC,50.0000,50.0000,
IIV009882,Cas Biz Technology,,2023-07-30,2023-08-30,4130.0000,NBC,50.0000,50.0000,
IIV009881,Cas Biz Technology,,2023-07-30,2023-08-30,4130.0000,NBC,50.0000,50.0000,
IIV009880,Cas Biz Technology,,2023-07-30,2023-08-30,4130.0000,NBC,50.0000,50.0000,
IIV009879,Cas Biz Technology,,2023-07-30,2023-08-30,4130.0000,NBC,50.0000,50.0000,
IIV009878,Cas Biz Technology,,2023-07-30,2023-08-30,4130.0000,NBC,50.0000,50.0000,
IIV009877,Cas Biz Technology,,2023-07-30,2023-08-30,4130.0000,NBC,50.0000,50.0000,
IIV009876,Cas Biz Technology,,2023-07-30,2023-08-30,4130.0000,NBC,50.0000,50.0000,
IIV009875,Cas Biz Technology,,2023-07-30,2023-08-30,4130.0000,NBC,50.0000,50.0000,
IIV009874,Cas Biz Technology,,2023-07-30,2023-08-30,4130.0000,NBC,50.0000,50.0000,
IIV009873,Cas Biz Technology,,2023-07-30,2023-08-30,4130.0000,NBC,50.0000,50.0000,
IIV009872,Cas Biz Technology,,2023-07-30,2023-08-30,4130.0000,NBC,50.0000,50.0000,
IIV009871,Cas Biz Technology,,2023-07-30,2023-08-30,4130.0000,NBC,50.0000,50.0000,
IIV009870,Cas Biz Technology,,2023-07-30,2023-08-30,4130.0000,NBC,50.0000,50.0000,
IIV009869,Cas Biz Technology,,2023-07-30,2023-08-30,4130.0000,NBC,50.0000,50.0000,
IIV009868,Cas Biz Technology,,2023-07-30,2023-08-30,4130.0000,NBC,50.0000,50.0000,
IIV009867,Cas Biz Technology,,2023-07-30,2023-08-30,4130.0000,NBC,50.0000,50.0000,
IIV009866,Cas Biz Technology,,2023-07-30,2023-08-30,4130.0000,NBC,50.0000,50.0000,
IIV009865,Cas Biz Technology,,2023-07-30,2023-08-30,4130.0000,NBC,50.0000,50.0000,
IIV009864,Cas Biz Technology,,2023-07-30,2023-08-30,4130.0000,NBC,50.0000,50.0000,
IIV009863,Cas Biz Technology,,2023-07-30,2023-08-30,4130.0000,NBC,50.0000,50.0000,
IIV009862,Cas Biz Technology,,2023-07-30,2023-08-30,4130.0000,NBC,50.0000,50.0000,
IIV009861,Cas Biz Technology,,2023-07-30,2023-08-30,4130.0000,NBC,50.0000,50.0000,
IIV009860,Cas Biz Technology,,2023-07-30,2023-08-30,4130.0000,NBC,50.0000,50.0000,
IIV009859,Cas Biz Technology,,2023-07-30,2023-08-30,4130.0000,NBC,50.0000,50.0000,
IIV009858,Cas Biz Technology,,2023-07-30,2023-08-30,4130.0000,NBC,50.0000,50.0000,
IIV009857,Cas Biz Technology,,2023-07-30,2023-08-30,4130.0000,NBC,50.0000,50.0000,
IIV009856,Cas Biz Technology,,2023-07-30,2023-08-30,4130.0000,NBC,50.0000,50.0000,
IIV009855,Cas Biz Technology,,2023-07-30,2023-08-30,4130.0000,NBC,50.0000,50.0000,
IIV009854,Cas Biz Technology,,2023-07-30,2023-08-30,4130.0000,NBC,50.0000,50.0000,
IIV009853,Cas Biz Technology,,2023-07-30,2023-08-30,4130.0000,NBC,50.0000,50.0000,
IIV009852,Cas Biz Technology,,2023-07-30,2023-08-30,4130.0000,NBC,50.0000,50.0000,
IIV009198,Cas Biz Technology,,2023-07-16,2023-08-16,4130.0000,NBC,50.0000,50.0000,
IIV009197,Cas Biz Technology,,2023-07-16,2023-08-16,4130.0000,NBC,50.0000,50.0000,
IIV009196,Cas Biz Technology,,2023-07-16,2023-08-16,4130.0000,NBC,50.0000,50.0000,
IIV009195,Cas Biz Technology,,2023-07-16,2023-08-16,4130.0000,NBC,50.0000,50.0000,
IIV009194,Cas Biz Technology,,2023-07-16,2023-08-16,4130.0000,NBC,50.0000,50.0000,
IIV009193,Cas Biz Technology,,2023-07-16,2023-08-16,4130.0000,NBC,50.0000,50.0000,
IIV009192,Cas Biz Technology,,2023-07-16,2023-08-16,4130.0000,NBC,50.0000,50.0000,
IIV009191,Cas Biz Technology,,2023-07-16,2023-08-16,4130.0000,NBC,50.0000,50.0000,
IIV009190,Cas Biz Technology,,2023-07-16,2023-08-16,4130.0000,NBC,50.0000,50.0000,
IIV009189,Cas Biz Technology,,2023-07-16,2023-08-16,4130.0000,NBC,50.0000,50.0000,
IIV009188,Cas Biz Technology,,2023-07-16,2023-08-16,4130.0000,NBC,50.0000,50.0000,
IIV009187,Cas Biz Technology,,2023-07-16,2023-08-16,4130.0000,NBC,50.0000,50.0000,
IIV009186,Cas Biz Technology,,2023-07-16,2023-08-16,4130.0000,NBC,50.0000,50.0000,
IIV009185,Cas Biz Technology,,2023-07-16,2023-08-16,4130.0000,NBC,50.0000,50.0000,
IIV009184,Cas Biz Technology,,2023-07-16,2023-08-16,4130.0000,NBC,50.0000,50.0000,
IIV009183,Cas Biz Technology,,2023-07-16,2023-08-16,4130.0000,NBC,50.0000,50.0000,
IIV009182,Cas Biz Technology,,2023-07-16,2023-08-16,4130.0000,NBC,50.0000,50.0000,
IIV009181,Cas Biz Technology,,2023-07-16,2023-08-16,4130.0000,NBC,50.0000,50.0000,
IIV009180,Cas Biz Technology,,2023-07-16,2023-08-16,4130.0000,NBC,50.0000,50.0000,
IIV009179,Cas Biz Technology,,2023-07-16,2023-08-16,4130.0000,NBC,50.0000,50.0000,
IIV009178,Cas Biz Technology,,2023-07-16,2023-08-16,4130.0000,NBC,50.0000,50.0000,
IIV009177,Cas Biz Technology,,2023-07-16,2023-08-16,4130.0000,NBC,50.0000,50.0000,
IIV009176,Cas Biz Technology,,2023-07-16,2023-08-16,4130.0000,NBC,50.0000,50.0000,
IIV009175,Cas Biz Technology,,2023-07-16,2023-08-16,4130.0000,NBC,50.0000,50.0000,
IIV009174,Cas Biz Technology,,2023-07-16,2023-08-16,4130.0000,NBC,50.0000,50.0000,
IIV009173,Cas Biz Technology,,2023-07-16,2023-08-16,4130.0000,NBC,50.0000,50.0000,
IIV009172,Cas Biz Technology,,2023-07-16,2023-08-16,4130.0000,NBC,50.0000,50.0000,
IIV009171,Cas Biz Technology,,2023-07-16,2023-08-16,4130.0000,NBC,50.0000,50.0000,
IIV009170,Cas Biz Technology,,2023-07-16,2023-08-16,4130.0000,NBC,50.0000,50.0000,
IIV009169,Cas Biz Technology,,2023-07-16,2023-08-16,4130.0000,NBC,50.0000,50.0000,
IIV009168,Cas Biz Technology,,2023-07-16,2023-08-16,4130.0000,NBC,50.0000,50.0000,
IIV009167,Cas Biz Technology,,2023-07-16,2023-08-16,4130.0000,NBC,50.0000,50.0000,
IIV009166,Cas Biz Technology,,2023-07-16,2023-08-16,4130.0000,NBC,50.0000,50.0000,
IIV009165,Cas Biz Technology,,2023-07-16,2023-08-16,4130.0000,NBC,50.0000,50.0000,
IIV009164,Cas Biz Technology,,2023-07-16,2023-08-16,4130.0000,NBC,50.0000,50.0000,
IIV009163,Cas Biz Technology,,2023-07-16,2023-08-16,4130.0000,NBC,50.0000,50.0000,
IIV009162,Cas Biz Technology,,2023-07-16,2023-08-16,4130.0000,NBC,50.0000,50.0000,
IIV009161,Cas Biz Technology,,2023-07-16,2023-08-16,4130.0000,NBC,50.0000,50.0000,
IIV009160,Cas Biz Technology,,2023-07-16,2023-08-16,4130.0000,NBC,50.0000,50.0000,
IIV009159,Cas Biz Technology,,2023-07-16,2023-08-16,4130.0000,NBC,50.0000,50.0000,
IIV009158,Cas Biz Technology,,2023-07-16,2023-08-16,4130.0000,NBC,50.0000,50.0000,
IIV009157,Cas Biz Technology,,2023-07-16,2023-08-16,4130.0000,NBC,50.0000,50.0000,
IIV009156,Cas Biz Technology,,2023-07-16,2023-08-16,4130.0000,NBC,50.0000,50.0000,
IIV009155,Cas Biz Technology,,2023-07-16,2023-08-16,4130.0000,NBC,50.0000,50.0000,
IIV009154,Cas Biz Technology,,2023-07-16,2023-08-16,4130.0000,NBC,50.0000,50.0000,
IIV009153,Cas Biz Technology,,2023-07-16,2023-08-16,4130.0000,NBC,50.0000,50.0000,
IIV009152,Cas Biz Technology,,2023-07-16,2023-08-16,4130.0000,NBC,50.0000,50.0000,
IIV009151,Cas Biz Technology,,2023-07-16,2023-08-16,4130.0000,NBC,50.0000,50.0000,
IIV009150,Cas Biz Technology,,2023-07-16,2023-08-16,4130.0000,NBC,50.0000,50.0000,
IIV009149,Cas Biz Technology,,2023-07-16,2023-08-16,4130.0000,NBC,50.0000,50.0000,
IIV026080,Makara OP,,2023-07-15,2023-07-15,4130.0000,NBC,27.5000,27.5000,
IIV009148,Cas Biz Technology,,2023-07-15,2023-08-15,4130.0000,NBC,50.0000,50.0000,
IIV009147,Cas Biz Technology,,2023-07-15,2023-08-15,4130.0000,NBC,50.0000,50.0000,
IIV009146,Cas Biz Technology,,2023-07-15,2023-08-15,4130.0000,NBC,50.0000,50.0000,
IIV009145,Cas Biz Technology,,2023-07-15,2023-08-15,4130.0000,NBC,50.0000,50.0000,
IIV009144,Cas Biz Technology,,2023-07-15,2023-08-15,4130.0000,NBC,50.0000,50.0000,
IIV009143,Cas Biz Technology,,2023-07-15,2023-08-15,4130.0000,NBC,50.0000,50.0000,
IIV009142,Cas Biz Technology,,2023-07-15,2023-08-15,4130.0000,NBC,50.0000,50.0000,
IIV009141,Cas Biz Technology,,2023-07-15,2023-08-15,4130.0000,NBC,50.0000,50.0000,
IIV009140,Cas Biz Technology,,2023-07-15,2023-08-15,4130.0000,NBC,50.0000,50.0000,
IIV009139,Cas Biz Technology,,2023-07-15,2023-08-15,4130.0000,NBC,50.0000,50.0000,
IIV009138,Cas Biz Technology,,2023-07-15,2023-08-15,4130.0000,NBC,50.0000,50.0000,
IIV009137,Cas Biz Technology,,2023-07-15,2023-08-15,4130.0000,NBC,50.0000,50.0000,
IIV009136,Cas Biz Technology,,2023-07-15,2023-08-15,4130.0000,NBC,50.0000,50.0000,
IIV009135,Cas Biz Technology,,2023-07-15,2023-08-15,4130.0000,NBC,50.0000,50.0000,
IIV009134,Cas Biz Technology,,2023-07-15,2023-08-15,4130.0000,NBC,50.0000,50.0000,
IIV009133,Cas Biz Technology,,2023-07-15,2023-08-15,4130.0000,NBC,50.0000,50.0000,
IIV009132,Cas Biz Technology,,2023-07-15,2023-08-15,4130.0000,NBC,50.0000,50.0000,
IIV009131,Cas Biz Technology,,2023-07-15,2023-08-15,4130.0000,NBC,50.0000,50.0000,
IIV009130,Cas Biz Technology,,2023-07-15,2023-08-15,4130.0000,NBC,50.0000,50.0000,
IIV009129,Cas Biz Technology,,2023-07-15,2023-08-15,4130.0000,NBC,50.0000,50.0000,
IIV009128,Cas Biz Technology,,2023-07-15,2023-08-15,4130.0000,NBC,50.0000,50.0000,
IIV009127,Cas Biz Technology,,2023-07-15,2023-08-15,4130.0000,NBC,50.0000,50.0000,
IIV009126,Cas Biz Technology,,2023-07-15,2023-08-15,4130.0000,NBC,50.0000,50.0000,
IIV009125,Cas Biz Technology,,2023-07-15,2023-08-15,4130.0000,NBC,50.0000,50.0000,
IIV009124,Cas Biz Technology,,2023-07-15,2023-08-15,4130.0000,NBC,50.0000,50.0000,
IIV009123,Cas Biz Technology,,2023-07-15,2023-08-15,4130.0000,NBC,50.0000,50.0000,
IIV009122,Cas Biz Technology,,2023-07-15,2023-08-15,4130.0000,NBC,50.0000,50.0000,
IIV009121,Cas Biz Technology,,2023-07-15,2023-08-15,4130.0000,NBC,50.0000,50.0000,
IIV009120,Cas Biz Technology,,2023-07-15,2023-08-15,4130.0000,NBC,50.0000,50.0000,
IIV009119,Cas Biz Technology,,2023-07-15,2023-08-15,4130.0000,NBC,50.0000,50.0000,
IIV009118,Cas Biz Technology,,2023-07-15,2023-08-15,4130.0000,NBC,50.0000,50.0000,
IIV009117,Cas Biz Technology,,2023-07-15,2023-08-15,4130.0000,NBC,50.0000,50.0000,
IIV009116,Cas Biz Technology,,2023-07-15,2023-08-15,4130.0000,NBC,50.0000,50.0000,
IIV009115,Cas Biz Technology,,2023-07-15,2023-08-15,4130.0000,NBC,50.0000,50.0000,
IIV009114,Cas Biz Technology,,2023-07-15,2023-08-15,4130.0000,NBC,50.0000,50.0000,
IIV009113,Cas Biz Technology,,2023-07-15,2023-08-15,4130.0000,NBC,50.0000,50.0000,
IIV009112,Cas Biz Technology,,2023-07-15,2023-08-15,4130.0000,NBC,50.0000,50.0000,
IIV009111,Cas Biz Technology,,2023-07-15,2023-08-15,4130.0000,NBC,50.0000,50.0000,
IIV009110,Cas Biz Technology,,2023-07-15,2023-08-15,4130.0000,NBC,50.0000,50.0000,
IIV009109,Cas Biz Technology,,2023-07-15,2023-08-15,4130.0000,NBC,50.0000,50.0000,
IIV009108,Cas Biz Technology,,2023-07-15,2023-08-15,4130.0000,NBC,50.0000,50.0000,
IIV009107,Cas Biz Technology,,2023-07-15,2023-08-15,4130.0000,NBC,50.0000,50.0000,
IIV009106,Cas Biz Technology,,2023-07-15,2023-08-15,4130.0000,NBC,50.0000,50.0000,
IIV009105,Cas Biz Technology,,2023-07-15,2023-08-15,4130.0000,NBC,50.0000,50.0000,
IIV009104,Cas Biz Technology,,2023-07-15,2023-08-15,4130.0000,NBC,50.0000,50.0000,
IIV009103,Cas Biz Technology,,2023-07-15,2023-08-15,4130.0000,NBC,50.0000,50.0000,
IIV009102,Cas Biz Technology,,2023-07-15,2023-08-15,4130.0000,NBC,50.0000,50.0000,
IIV008998,Cas Biz Technology,,2023-07-12,2023-08-12,4130.0000,NBC,50.0000,50.0000,
IIV008997,Cas Biz Technology,,2023-07-12,2023-08-12,4130.0000,NBC,50.0000,50.0000,
IIV008996,Cas Biz Technology,,2023-07-12,2023-08-12,4130.0000,NBC,50.0000,50.0000,
IIV008995,Cas Biz Technology,,2023-07-12,2023-08-12,4130.0000,NBC,50.0000,50.0000,
IIV008994,Cas Biz Technology,,2023-07-12,2023-08-12,4130.0000,NBC,50.0000,50.0000,
IIV008993,Cas Biz Technology,,2023-07-12,2023-08-12,4130.0000,NBC,50.0000,50.0000,
IIV008992,Cas Biz Technology,,2023-07-12,2023-08-12,4130.0000,NBC,50.0000,50.0000,
IIV008991,Cas Biz Technology,,2023-07-12,2023-08-12,4130.0000,NBC,50.0000,50.0000,
IIV008990,Cas Biz Technology,,2023-07-12,2023-08-12,4130.0000,NBC,50.0000,50.0000,
IIV008989,Cas Biz Technology,,2023-07-12,2023-08-12,4130.0000,NBC,50.0000,50.0000,
IIV008988,Cas Biz Technology,,2023-07-12,2023-08-12,4130.0000,NBC,50.0000,50.0000,
IIV008987,Cas Biz Technology,,2023-07-12,2023-08-12,4130.0000,NBC,50.0000,50.0000,
IIV008986,Cas Biz Technology,,2023-07-12,2023-08-12,4130.0000,NBC,50.0000,50.0000,
IIV008985,Cas Biz Technology,,2023-07-12,2023-08-12,4130.0000,NBC,50.0000,50.0000,
IIV008984,Cas Biz Technology,,2023-07-12,2023-08-12,4130.0000,NBC,50.0000,50.0000,
IIV008983,Cas Biz Technology,,2023-07-12,2023-08-12,4130.0000,NBC,50.0000,50.0000,
IIV008982,Cas Biz Technology,,2023-07-12,2023-08-12,4130.0000,NBC,50.0000,50.0000,
IIV008981,Cas Biz Technology,,2023-07-12,2023-08-12,4130.0000,NBC,50.0000,50.0000,
IIV008980,Cas Biz Technology,,2023-07-12,2023-08-12,4130.0000,NBC,50.0000,50.0000,
IIV008979,Cas Biz Technology,,2023-07-12,2023-08-12,4130.0000,NBC,50.0000,50.0000,
IIV008978,Cas Biz Technology,,2023-07-12,2023-08-12,4130.0000,NBC,50.0000,50.0000,
IIV008977,Cas Biz Technology,,2023-07-12,2023-08-12,4130.0000,NBC,50.0000,50.0000,
IIV008976,Cas Biz Technology,,2023-07-12,2023-08-12,4130.0000,NBC,50.0000,50.0000,
IIV008975,Cas Biz Technology,,2023-07-12,2023-08-12,4130.0000,NBC,50.0000,50.0000,
IIV008974,Cas Biz Technology,,2023-07-12,2023-08-12,4130.0000,NBC,50.0000,50.0000,
IIV008973,Cas Biz Technology,,2023-07-12,2023-08-12,4130.0000,NBC,50.0000,50.0000,
IIV008972,Cas Biz Technology,,2023-07-12,2023-08-12,4130.0000,NBC,50.0000,50.0000,
IIV008971,Cas Biz Technology,,2023-07-12,2023-08-12,4130.0000,NBC,50.0000,50.0000,
IIV008970,Cas Biz Technology,,2023-07-12,2023-08-12,4130.0000,NBC,50.0000,50.0000,
IIV008969,Cas Biz Technology,,2023-07-12,2023-08-12,4130.0000,NBC,50.0000,50.0000,
IIV008968,Cas Biz Technology,,2023-07-12,2023-08-12,4130.0000,NBC,50.0000,50.0000,
IIV008967,Cas Biz Technology,,2023-07-12,2023-08-12,4130.0000,NBC,50.0000,50.0000,
IIV008966,Cas Biz Technology,,2023-07-12,2023-08-12,4130.0000,NBC,50.0000,50.0000,
IIV008965,Cas Biz Technology,,2023-07-12,2023-08-12,4130.0000,NBC,50.0000,50.0000,
IIV008964,Cas Biz Technology,,2023-07-12,2023-08-12,4130.0000,NBC,50.0000,50.0000,
IIV008963,Cas Biz Technology,,2023-07-12,2023-08-12,4130.0000,NBC,50.0000,50.0000,
IIV008962,Cas Biz Technology,,2023-07-12,2023-08-12,4130.0000,NBC,50.0000,50.0000,
IIV008961,Cas Biz Technology,,2023-07-12,2023-08-12,4130.0000,NBC,50.0000,50.0000,
IIV008960,Cas Biz Technology,,2023-07-12,2023-08-12,4130.0000,NBC,50.0000,50.0000,
IIV008959,Cas Biz Technology,,2023-07-12,2023-08-12,4130.0000,NBC,50.0000,50.0000,
IIV008958,Cas Biz Technology,,2023-07-12,2023-08-12,4130.0000,NBC,50.0000,50.0000,
IIV008957,Cas Biz Technology,,2023-07-12,2023-08-12,4130.0000,NBC,50.0000,50.0000,
IIV008956,Cas Biz Technology,,2023-07-12,2023-08-12,4130.0000,NBC,50.0000,50.0000,
IIV008955,Cas Biz Technology,,2023-07-12,2023-08-12,4130.0000,NBC,50.0000,50.0000,
IIV008954,Cas Biz Technology,,2023-07-12,2023-08-12,4130.0000,NBC,50.0000,50.0000,
IIV008953,Cas Biz Technology,,2023-07-12,2023-08-12,4130.0000,NBC,50.0000,50.0000,
IIV008952,Cas Biz Technology,,2023-07-12,2023-08-12,4130.0000,NBC,50.0000,50.0000,
IIV008951,Cas Biz Technology,,2023-07-12,2023-08-12,4130.0000,NBC,50.0000,50.0000,
IIV008950,Cas Biz Technology,,2023-07-12,2023-08-12,4130.0000,NBC,50.0000,50.0000,
IIV008949,Cas Biz Technology,,2023-07-12,2023-08-12,4130.0000,NBC,50.0000,50.0000,
IIV026079,Bill's Windsurf Shop,,2023-07-12,2023-07-12,4130.0000,NBC,15.0000,15.0000,
IIV026075,Cosmo King,,2023-07-11,2023-07-11,4150.0000,NBC,592.6300,592.6300,
IIV008948,Cas Biz Technology,,2023-07-11,2023-08-11,4150.0000,NBC,50.0000,50.0000,
IIV008947,Cas Biz Technology,,2023-07-11,2023-08-11,4150.0000,NBC,50.0000,50.0000,
IIV008946,Cas Biz Technology,,2023-07-11,2023-08-11,4150.0000,NBC,50.0000,50.0000,
IIV008945,Cas Biz Technology,,2023-07-11,2023-08-11,4150.0000,NBC,50.0000,50.0000,
IIV008944,Cas Biz Technology,,2023-07-11,2023-08-11,4150.0000,NBC,50.0000,50.0000,
IIV008943,Cas Biz Technology,,2023-07-11,2023-08-11,4150.0000,NBC,50.0000,50.0000,
IIV008942,Cas Biz Technology,,2023-07-11,2023-08-11,4150.0000,NBC,50.0000,50.0000,
IIV008941,Cas Biz Technology,,2023-07-11,2023-08-11,4150.0000,NBC,50.0000,50.0000,
IIV008940,Cas Biz Technology,,2023-07-11,2023-08-11,4150.0000,NBC,50.0000,50.0000,
IIV008939,Cas Biz Technology,,2023-07-11,2023-08-11,4150.0000,NBC,50.0000,50.0000,
IIV008938,Cas Biz Technology,,2023-07-11,2023-08-11,4150.0000,NBC,50.0000,50.0000,
IIV008937,Cas Biz Technology,,2023-07-11,2023-08-11,4150.0000,NBC,50.0000,50.0000,
IIV008936,Cas Biz Technology,,2023-07-11,2023-08-11,4150.0000,NBC,50.0000,50.0000,
IIV008935,Cas Biz Technology,,2023-07-11,2023-08-11,4150.0000,NBC,50.0000,50.0000,
IIV008934,Cas Biz Technology,,2023-07-11,2023-08-11,4150.0000,NBC,50.0000,50.0000,
IIV008933,Cas Biz Technology,,2023-07-11,2023-08-11,4150.0000,NBC,50.0000,50.0000,
IIV008932,Cas Biz Technology,,2023-07-11,2023-08-11,4150.0000,NBC,50.0000,50.0000,
IIV008931,Cas Biz Technology,,2023-07-11,2023-08-11,4150.0000,NBC,50.0000,50.0000,
IIV008930,Cas Biz Technology,,2023-07-11,2023-08-11,4150.0000,NBC,50.0000,50.0000,
IIV008929,Cas Biz Technology,,2023-07-11,2023-08-11,4150.0000,NBC,50.0000,50.0000,
IIV008928,Cas Biz Technology,,2023-07-11,2023-08-11,4150.0000,NBC,50.0000,50.0000,
IIV008927,Cas Biz Technology,,2023-07-11,2023-08-11,4150.0000,NBC,50.0000,50.0000,
IIV008926,Cas Biz Technology,,2023-07-11,2023-08-11,4150.0000,NBC,50.0000,50.0000,
IIV008925,Cas Biz Technology,,2023-07-11,2023-08-11,4150.0000,NBC,50.0000,50.0000,
IIV008924,Cas Biz Technology,,2023-07-11,2023-08-11,4150.0000,NBC,50.0000,50.0000,
IIV008923,Cas Biz Technology,,2023-07-11,2023-08-11,4150.0000,NBC,50.0000,50.0000,
IIV008922,Cas Biz Technology,,2023-07-11,2023-08-11,4150.0000,NBC,50.0000,50.0000,
IIV008921,Cas Biz Technology,,2023-07-11,2023-08-11,4150.0000,NBC,50.0000,50.0000,
IIV008920,Cas Biz Technology,,2023-07-11,2023-08-11,4150.0000,NBC,50.0000,50.0000,
IIV008919,Cas Biz Technology,,2023-07-11,2023-08-11,4150.0000,NBC,50.0000,50.0000,
IIV008918,Cas Biz Technology,,2023-07-11,2023-08-11,4150.0000,NBC,50.0000,50.0000,
IIV008917,Cas Biz Technology,,2023-07-11,2023-08-11,4150.0000,NBC,50.0000,50.0000,
IIV008916,Cas Biz Technology,,2023-07-11,2023-08-11,4150.0000,NBC,50.0000,50.0000,
IIV008915,Cas Biz Technology,,2023-07-11,2023-08-11,4150.0000,NBC,50.0000,50.0000,
IIV008914,Cas Biz Technology,,2023-07-11,2023-08-11,4150.0000,NBC,50.0000,50.0000,
IIV008913,Cas Biz Technology,,2023-07-11,2023-08-11,4150.0000,NBC,50.0000,50.0000,
IIV008912,Cas Biz Technology,,2023-07-11,2023-08-11,4150.0000,NBC,50.0000,50.0000,
IIV008911,Cas Biz Technology,,2023-07-11,2023-08-11,4150.0000,NBC,50.0000,50.0000,
IIV008910,Cas Biz Technology,,2023-07-11,2023-08-11,4150.0000,NBC,50.0000,50.0000,
IIV008909,Cas Biz Technology,,2023-07-11,2023-08-11,4150.0000,NBC,50.0000,50.0000,
IIV008908,Cas Biz Technology,,2023-07-11,2023-08-11,4150.0000,NBC,50.0000,50.0000,
IIV008907,Cas Biz Technology,,2023-07-11,2023-08-11,4150.0000,NBC,50.0000,50.0000,
IIV008906,Cas Biz Technology,,2023-07-11,2023-08-11,4150.0000,NBC,50.0000,50.0000,
IIV008905,Cas Biz Technology,,2023-07-11,2023-08-11,4150.0000,NBC,50.0000,50.0000,
IIV008904,Cas Biz Technology,,2023-07-11,2023-08-11,4150.0000,NBC,50.0000,50.0000,
IIV008903,Cas Biz Technology,,2023-07-11,2023-08-11,4150.0000,NBC,50.0000,50.0000,
IIV008902,Cas Biz Technology,,2023-07-11,2023-08-11,4150.0000,NBC,50.0000,50.0000,
IIV008901,Cas Biz Technology,,2023-07-11,2023-08-11,4150.0000,NBC,50.0000,50.0000,
IIV008900,Cas Biz Technology,,2023-07-11,2023-08-11,4150.0000,NBC,50.0000,50.0000,
IIV008648,Cas Biz Technology,,2023-07-05,2023-08-05,4100.0000,NBC,50.0000,50.0000,
IIV008647,Cas Biz Technology,,2023-07-05,2023-08-05,4100.0000,NBC,50.0000,50.0000,
IIV008646,Cas Biz Technology,,2023-07-05,2023-08-05,4100.0000,NBC,50.0000,50.0000,
IIV008645,Cas Biz Technology,,2023-07-05,2023-08-05,4100.0000,NBC,50.0000,50.0000,
IIV008644,Cas Biz Technology,,2023-07-05,2023-08-05,4100.0000,NBC,50.0000,50.0000,
IIV008643,Cas Biz Technology,,2023-07-05,2023-08-05,4100.0000,NBC,50.0000,50.0000,
IIV008642,Cas Biz Technology,,2023-07-05,2023-08-05,4100.0000,NBC,50.0000,50.0000,
IIV008641,Cas Biz Technology,,2023-07-05,2023-08-05,4100.0000,NBC,50.0000,50.0000,
IIV008640,Cas Biz Technology,,2023-07-05,2023-08-05,4100.0000,NBC,50.0000,50.0000,
IIV008639,Cas Biz Technology,,2023-07-05,2023-08-05,4100.0000,NBC,50.0000,50.0000,
IIV008638,Cas Biz Technology,,2023-07-05,2023-08-05,4100.0000,NBC,50.0000,50.0000,
IIV008637,Cas Biz Technology,,2023-07-05,2023-08-05,4100.0000,NBC,50.0000,50.0000,
IIV008636,Cas Biz Technology,,2023-07-05,2023-08-05,4100.0000,NBC,50.0000,50.0000,
IIV008635,Cas Biz Technology,,2023-07-05,2023-08-05,4100.0000,NBC,50.0000,50.0000,
IIV008634,Cas Biz Technology,,2023-07-05,2023-08-05,4100.0000,NBC,50.0000,50.0000,
IIV008633,Cas Biz Technology,,2023-07-05,2023-08-05,4100.0000,NBC,50.0000,50.0000,
IIV008632,Cas Biz Technology,,2023-07-05,2023-08-05,4100.0000,NBC,50.0000,50.0000,
IIV008631,Cas Biz Technology,,2023-07-05,2023-08-05,4100.0000,NBC,50.0000,50.0000,
IIV008630,Cas Biz Technology,,2023-07-05,2023-08-05,4100.0000,NBC,50.0000,50.0000,
IIV008629,Cas Biz Technology,,2023-07-05,2023-08-05,4100.0000,NBC,50.0000,50.0000,
IIV008628,Cas Biz Technology,,2023-07-05,2023-08-05,4100.0000,NBC,50.0000,50.0000,
IIV008627,Cas Biz Technology,,2023-07-05,2023-08-05,4100.0000,NBC,50.0000,50.0000,
IIV008626,Cas Biz Technology,,2023-07-05,2023-08-05,4100.0000,NBC,50.0000,50.0000,
IIV008625,Cas Biz Technology,,2023-07-05,2023-08-05,4100.0000,NBC,50.0000,50.0000,
IIV008624,Cas Biz Technology,,2023-07-05,2023-08-05,4100.0000,NBC,50.0000,50.0000,
IIV008623,Cas Biz Technology,,2023-07-05,2023-08-05,4100.0000,NBC,50.0000,50.0000,
IIV008622,Cas Biz Technology,,2023-07-05,2023-08-05,4100.0000,NBC,50.0000,50.0000,
IIV008621,Cas Biz Technology,,2023-07-05,2023-08-05,4100.0000,NBC,50.0000,50.0000,
IIV008620,Cas Biz Technology,,2023-07-05,2023-08-05,4100.0000,NBC,50.0000,50.0000,
IIV008619,Cas Biz Technology,,2023-07-05,2023-08-05,4100.0000,NBC,50.0000,50.0000,
IIV008618,Cas Biz Technology,,2023-07-05,2023-08-05,4100.0000,NBC,50.0000,50.0000,
IIV008617,Cas Biz Technology,,2023-07-05,2023-08-05,4100.0000,NBC,50.0000,50.0000,
IIV008616,Cas Biz Technology,,2023-07-05,2023-08-05,4100.0000,NBC,50.0000,50.0000,
IIV008615,Cas Biz Technology,,2023-07-05,2023-08-05,4100.0000,NBC,50.0000,50.0000,
IIV008614,Cas Biz Technology,,2023-07-05,2023-08-05,4100.0000,NBC,50.0000,50.0000,
IIV008613,Cas Biz Technology,,2023-07-05,2023-08-05,4100.0000,NBC,50.0000,50.0000,
IIV008612,Cas Biz Technology,,2023-07-05,2023-08-05,4100.0000,NBC,50.0000,50.0000,
IIV008611,Cas Biz Technology,,2023-07-05,2023-08-05,4100.0000,NBC,50.0000,50.0000,
IIV008610,Cas Biz Technology,,2023-07-05,2023-08-05,4100.0000,NBC,50.0000,50.0000,
IIV008609,Cas Biz Technology,,2023-07-05,2023-08-05,4100.0000,NBC,50.0000,50.0000,
IIV008608,Cas Biz Technology,,2023-07-05,2023-08-05,4100.0000,NBC,50.0000,50.0000,
IIV008607,Cas Biz Technology,,2023-07-05,2023-08-05,4100.0000,NBC,50.0000,50.0000,
IIV008606,Cas Biz Technology,,2023-07-05,2023-08-05,4100.0000,NBC,50.0000,50.0000,
IIV008605,Cas Biz Technology,,2023-07-05,2023-08-05,4100.0000,NBC,50.0000,50.0000,
IIV008604,Cas Biz Technology,,2023-07-05,2023-08-05,4100.0000,NBC,50.0000,50.0000,
IIV008603,Cas Biz Technology,,2023-07-05,2023-08-05,4100.0000,NBC,50.0000,50.0000,
IIV008602,Cas Biz Technology,,2023-07-05,2023-08-05,4100.0000,NBC,50.0000,50.0000,
IIV008601,Cas Biz Technology,,2023-07-05,2023-08-05,4100.0000,NBC,50.0000,50.0000,
IIV008600,Cas Biz Technology,,2023-07-05,2023-08-05,4100.0000,NBC,50.0000,50.0000,
IIV008599,Cas Biz Technology,,2023-07-05,2023-08-05,4100.0000,NBC,50.0000,50.0000,
IIV000249,Cas Biz Technology,,2023-07-05,2023-08-05,4100.0000,NBC,50.0000,50.0000,
IIV000248,Cas Biz Technology,,2023-07-05,2023-08-05,4100.0000,NBC,50.0000,50.0000,
IIV000247,Cas Biz Technology,,2023-07-05,2023-08-05,4100.0000,NBC,50.0000,50.0000,
IIV000246,Cas Biz Technology,,2023-07-05,2023-08-05,4100.0000,NBC,50.0000,50.0000,
IIV000245,Cas Biz Technology,,2023-07-05,2023-08-05,4100.0000,NBC,50.0000,50.0000,
IIV000244,Cas Biz Technology,,2023-07-05,2023-08-05,4100.0000,NBC,50.0000,50.0000,
IIV000243,Cas Biz Technology,,2023-07-05,2023-08-05,4100.0000,NBC,50.0000,50.0000,
IIV000242,Cas Biz Technology,,2023-07-05,2023-08-05,4100.0000,NBC,50.0000,50.0000,
IIV000241,Cas Biz Technology,,2023-07-05,2023-08-05,4100.0000,NBC,50.0000,50.0000,
IIV000240,Cas Biz Technology,,2023-07-05,2023-08-05,4100.0000,NBC,50.0000,50.0000,
IIV000239,Cas Biz Technology,,2023-07-05,2023-08-05,4100.0000,NBC,50.0000,50.0000,
IIV000238,Cas Biz Technology,,2023-07-05,2023-08-05,4100.0000,NBC,50.0000,50.0000,
IIV000237,Cas Biz Technology,,2023-07-05,2023-08-05,4100.0000,NBC,50.0000,50.0000,
IIV000236,Cas Biz Technology,,2023-07-05,2023-08-05,4100.0000,NBC,50.0000,50.0000,
IIV000235,Cas Biz Technology,,2023-07-05,2023-08-05,4100.0000,NBC,50.0000,50.0000,
IIV000234,Cas Biz Technology,,2023-07-05,2023-08-05,4100.0000,NBC,50.0000,50.0000,
IIV000233,Cas Biz Technology,,2023-07-05,2023-08-05,4100.0000,NBC,50.0000,50.0000,
IIV000232,Cas Biz Technology,,2023-07-05,2023-08-05,4100.0000,NBC,50.0000,50.0000,
IIV000231,Cas Biz Technology,,2023-07-05,2023-08-05,4100.0000,NBC,50.0000,50.0000,
IIV000230,Cas Biz Technology,,2023-07-05,2023-08-05,4100.0000,NBC,50.0000,50.0000,
IIV000229,Cas Biz Technology,,2023-07-05,2023-08-05,4100.0000,NBC,50.0000,50.0000,
IIV000228,Cas Biz Technology,,2023-07-05,2023-08-05,4100.0000,NBC,50.0000,50.0000,
IIV000227,Cas Biz Technology,,2023-07-05,2023-08-05,4100.0000,NBC,50.0000,50.0000,
IIV000226,Cas Biz Technology,,2023-07-05,2023-08-05,4100.0000,NBC,50.0000,50.0000,
IIV000225,Cas Biz Technology,,2023-07-05,2023-08-05,4100.0000,NBC,50.0000,50.0000,
IIV000224,Cas Biz Technology,,2023-07-05,2023-08-05,4100.0000,NBC,50.0000,50.0000,
IIV000223,Cas Biz Technology,,2023-07-05,2023-08-05,4100.0000,NBC,50.0000,50.0000,
IIV000222,Cas Biz Technology,,2023-07-05,2023-08-05,4100.0000,NBC,50.0000,50.0000,
IIV000221,Cas Biz Technology,,2023-07-05,2023-08-05,4100.0000,NBC,50.0000,50.0000,
IIV000220,Cas Biz Technology,,2023-07-05,2023-08-05,4100.0000,NBC,50.0000,50.0000,
IIV000219,Cas Biz Technology,,2023-07-05,2023-08-05,4100.0000,NBC,50.0000,50.0000,
IIV000218,Cas Biz Technology,,2023-07-05,2023-08-05,4100.0000,NBC,50.0000,50.0000,
IIV000217,Cas Biz Technology,,2023-07-05,2023-08-05,4100.0000,NBC,50.0000,50.0000,
IIV000216,Cas Biz Technology,,2023-07-05,2023-08-05,4100.0000,NBC,50.0000,50.0000,
IIV000215,Cas Biz Technology,,2023-07-05,2023-08-05,4100.0000,NBC,50.0000,50.0000,
IIV000214,Cas Biz Technology,,2023-07-05,2023-08-05,4100.0000,NBC,50.0000,50.0000,
IIV000213,Cas Biz Technology,,2023-07-05,2023-08-05,4100.0000,NBC,50.0000,50.0000,
IIV000212,Cas Biz Technology,,2023-07-05,2023-08-05,4100.0000,NBC,50.0000,50.0000,
IIV000211,Cas Biz Technology,,2023-07-05,2023-08-05,4100.0000,NBC,50.0000,50.0000,
IIV000210,Cas Biz Technology,,2023-07-05,2023-08-05,4100.0000,NBC,50.0000,50.0000,
IIV000209,Cas Biz Technology,,2023-07-05,2023-08-05,4100.0000,NBC,50.0000,50.0000,
IIV000208,Cas Biz Technology,,2023-07-05,2023-08-05,4100.0000,NBC,50.0000,50.0000,
IIV000207,Cas Biz Technology,,2023-07-05,2023-08-05,4100.0000,NBC,50.0000,50.0000,
IIV000206,Cas Biz Technology,,2023-07-05,2023-08-05,4100.0000,NBC,50.0000,50.0000,
IIV000205,Cas Biz Technology,,2023-07-05,2023-08-05,4100.0000,NBC,50.0000,50.0000,
IIV000204,Cas Biz Technology,,2023-07-05,2023-08-05,4100.0000,NBC,50.0000,50.0000,
IIV000203,Cas Biz Technology,,2023-07-05,2023-08-05,4100.0000,NBC,50.0000,50.0000,
IIV000202,Cas Biz Technology,,2023-07-05,2023-08-05,4100.0000,NBC,50.0000,50.0000,
IIV000201,Cas Biz Technology,,2023-07-05,2023-08-05,4100.0000,NBC,50.0000,50.0000,
IIV000200,Cas Biz Technology,,2023-07-05,2023-08-05,4100.0000,NBC,50.0000,50.0000,
IIV008598,Cas Biz Technology,,2023-07-04,2023-08-04,4100.0000,NBC,50.0000,50.0000,
IIV008597,Cas Biz Technology,,2023-07-04,2023-08-04,4100.0000,NBC,50.0000,50.0000,
IIV008596,Cas Biz Technology,,2023-07-04,2023-08-04,4100.0000,NBC,50.0000,50.0000,
IIV008595,Cas Biz Technology,,2023-07-04,2023-08-04,4100.0000,NBC,50.0000,50.0000,
IIV008594,Cas Biz Technology,,2023-07-04,2023-08-04,4100.0000,NBC,50.0000,50.0000,
IIV008593,Cas Biz Technology,,2023-07-04,2023-08-04,4100.0000,NBC,50.0000,50.0000,
IIV008592,Cas Biz Technology,,2023-07-04,2023-08-04,4100.0000,NBC,50.0000,50.0000,
IIV008591,Cas Biz Technology,,2023-07-04,2023-08-04,4100.0000,NBC,50.0000,50.0000,
IIV008590,Cas Biz Technology,,2023-07-04,2023-08-04,4100.0000,NBC,50.0000,50.0000,
IIV008589,Cas Biz Technology,,2023-07-04,2023-08-04,4100.0000,NBC,50.0000,50.0000,
IIV008588,Cas Biz Technology,,2023-07-04,2023-08-04,4100.0000,NBC,50.0000,50.0000,
IIV008587,Cas Biz Technology,,2023-07-04,2023-08-04,4100.0000,NBC,50.0000,50.0000,
IIV008586,Cas Biz Technology,,2023-07-04,2023-08-04,4100.0000,NBC,50.0000,50.0000,
IIV008585,Cas Biz Technology,,2023-07-04,2023-08-04,4100.0000,NBC,50.0000,50.0000,
IIV008584,Cas Biz Technology,,2023-07-04,2023-08-04,4100.0000,NBC,50.0000,50.0000,
IIV008583,Cas Biz Technology,,2023-07-04,2023-08-04,4100.0000,NBC,50.0000,50.0000,
IIV008582,Cas Biz Technology,,2023-07-04,2023-08-04,4100.0000,NBC,50.0000,50.0000,
IIV008581,Cas Biz Technology,,2023-07-04,2023-08-04,4100.0000,NBC,50.0000,50.0000,
IIV008580,Cas Biz Technology,,2023-07-04,2023-08-04,4100.0000,NBC,50.0000,50.0000,
IIV008579,Cas Biz Technology,,2023-07-04,2023-08-04,4100.0000,NBC,50.0000,50.0000,
IIV008578,Cas Biz Technology,,2023-07-04,2023-08-04,4100.0000,NBC,50.0000,50.0000,
IIV008577,Cas Biz Technology,,2023-07-04,2023-08-04,4100.0000,NBC,50.0000,50.0000,
IIV008576,Cas Biz Technology,,2023-07-04,2023-08-04,4100.0000,NBC,50.0000,50.0000,
IIV008575,Cas Biz Technology,,2023-07-04,2023-08-04,4100.0000,NBC,50.0000,50.0000,
IIV008574,Cas Biz Technology,,2023-07-04,2023-08-04,4100.0000,NBC,50.0000,50.0000,
IIV008573,Cas Biz Technology,,2023-07-04,2023-08-04,4100.0000,NBC,50.0000,50.0000,
IIV008572,Cas Biz Technology,,2023-07-04,2023-08-04,4100.0000,NBC,50.0000,50.0000,
IIV008571,Cas Biz Technology,,2023-07-04,2023-08-04,4100.0000,NBC,50.0000,50.0000,
IIV008570,Cas Biz Technology,,2023-07-04,2023-08-04,4100.0000,NBC,50.0000,50.0000,
IIV008569,Cas Biz Technology,,2023-07-04,2023-08-04,4100.0000,NBC,50.0000,50.0000,
IIV008568,Cas Biz Technology,,2023-07-04,2023-08-04,4100.0000,NBC,50.0000,50.0000,
IIV008567,Cas Biz Technology,,2023-07-04,2023-08-04,4100.0000,NBC,50.0000,50.0000,
IIV008566,Cas Biz Technology,,2023-07-04,2023-08-04,4100.0000,NBC,50.0000,50.0000,
IIV008565,Cas Biz Technology,,2023-07-04,2023-08-04,4100.0000,NBC,50.0000,50.0000,
IIV008564,Cas Biz Technology,,2023-07-04,2023-08-04,4100.0000,NBC,50.0000,50.0000,
IIV008563,Cas Biz Technology,,2023-07-04,2023-08-04,4100.0000,NBC,50.0000,50.0000,
IIV008562,Cas Biz Technology,,2023-07-04,2023-08-04,4100.0000,NBC,50.0000,50.0000,
IIV008561,Cas Biz Technology,,2023-07-04,2023-08-04,4100.0000,NBC,50.0000,50.0000,
IIV008560,Cas Biz Technology,,2023-07-04,2023-08-04,4100.0000,NBC,50.0000,50.0000,
IIV008559,Cas Biz Technology,,2023-07-04,2023-08-04,4100.0000,NBC,50.0000,50.0000,
IIV008558,Cas Biz Technology,,2023-07-04,2023-08-04,4100.0000,NBC,50.0000,50.0000,
IIV008557,Cas Biz Technology,,2023-07-04,2023-08-04,4100.0000,NBC,50.0000,50.0000,
IIV008556,Cas Biz Technology,,2023-07-04,2023-08-04,4100.0000,NBC,50.0000,50.0000,
IIV008555,Cas Biz Technology,,2023-07-04,2023-08-04,4100.0000,NBC,50.0000,50.0000,
IIV008554,Cas Biz Technology,,2023-07-04,2023-08-04,4100.0000,NBC,50.0000,50.0000,
IIV008553,Cas Biz Technology,,2023-07-04,2023-08-04,4100.0000,NBC,50.0000,50.0000,
IIV008552,Cas Biz Technology,,2023-07-04,2023-08-04,4100.0000,NBC,50.0000,50.0000,
IIV008551,Cas Biz Technology,,2023-07-04,2023-08-04,4100.0000,NBC,50.0000,50.0000,
IIV008550,Cas Biz Technology,,2023-07-04,2023-08-04,4100.0000,NBC,50.0000,50.0000,
IIV008549,Cas Biz Technology,,2023-07-04,2023-08-04,4100.0000,NBC,50.0000,50.0000,
IIV000199,Cas Biz Technology,,2023-07-04,2023-08-04,4100.0000,NBC,50.0000,50.0000,
IIV000198,Cas Biz Technology,,2023-07-04,2023-08-04,4100.0000,NBC,50.0000,50.0000,
IIV000197,Cas Biz Technology,,2023-07-04,2023-08-04,4100.0000,NBC,50.0000,50.0000,
IIV000196,Cas Biz Technology,,2023-07-04,2023-08-04,4100.0000,NBC,50.0000,50.0000,
IIV000195,Cas Biz Technology,,2023-07-04,2023-08-04,4100.0000,NBC,50.0000,50.0000,
IIV000194,Cas Biz Technology,,2023-07-04,2023-08-04,4100.0000,NBC,50.0000,50.0000,
IIV000193,Cas Biz Technology,,2023-07-04,2023-08-04,4100.0000,NBC,50.0000,50.0000,
IIV000192,Cas Biz Technology,,2023-07-04,2023-08-04,4100.0000,NBC,50.0000,50.0000,
IIV000191,Cas Biz Technology,,2023-07-04,2023-08-04,4100.0000,NBC,50.0000,50.0000,
IIV000190,Cas Biz Technology,,2023-07-04,2023-08-04,4100.0000,NBC,50.0000,50.0000,
IIV000189,Cas Biz Technology,,2023-07-04,2023-08-04,4100.0000,NBC,50.0000,50.0000,
IIV000188,Cas Biz Technology,,2023-07-04,2023-08-04,4100.0000,NBC,50.0000,50.0000,
IIV000187,Cas Biz Technology,,2023-07-04,2023-08-04,4100.0000,NBC,50.0000,50.0000,
IIV000186,Cas Biz Technology,,2023-07-04,2023-08-04,4100.0000,NBC,50.0000,50.0000,
IIV000185,Cas Biz Technology,,2023-07-04,2023-08-04,4100.0000,NBC,50.0000,50.0000,
IIV000184,Cas Biz Technology,,2023-07-04,2023-08-04,4100.0000,NBC,50.0000,50.0000,
IIV000183,Cas Biz Technology,,2023-07-04,2023-08-04,4100.0000,NBC,50.0000,50.0000,
IIV000182,Cas Biz Technology,,2023-07-04,2023-08-04,4100.0000,NBC,50.0000,50.0000,
IIV000181,Cas Biz Technology,,2023-07-04,2023-08-04,4100.0000,NBC,50.0000,50.0000,
IIV000180,Cas Biz Technology,,2023-07-04,2023-08-04,4100.0000,NBC,50.0000,50.0000,
IIV000179,Cas Biz Technology,,2023-07-04,2023-08-04,4100.0000,NBC,50.0000,50.0000,
IIV000178,Cas Biz Technology,,2023-07-04,2023-08-04,4100.0000,NBC,50.0000,50.0000,
IIV000177,Cas Biz Technology,,2023-07-04,2023-08-04,4100.0000,NBC,50.0000,50.0000,
IIV000176,Cas Biz Technology,,2023-07-04,2023-08-04,4100.0000,NBC,50.0000,50.0000,
IIV000175,Cas Biz Technology,,2023-07-04,2023-08-04,4100.0000,NBC,50.0000,50.0000,
IIV000174,Cas Biz Technology,,2023-07-04,2023-08-04,4100.0000,NBC,50.0000,50.0000,
IIV000173,Cas Biz Technology,,2023-07-04,2023-08-04,4100.0000,NBC,50.0000,50.0000,
IIV000172,Cas Biz Technology,,2023-07-04,2023-08-04,4100.0000,NBC,50.0000,50.0000,
IIV000171,Cas Biz Technology,,2023-07-04,2023-08-04,4100.0000,NBC,50.0000,50.0000,
IIV000170,Cas Biz Technology,,2023-07-04,2023-08-04,4100.0000,NBC,50.0000,50.0000,
IIV000169,Cas Biz Technology,,2023-07-04,2023-08-04,4100.0000,NBC,50.0000,50.0000,
IIV000168,Cas Biz Technology,,2023-07-04,2023-08-04,4100.0000,NBC,50.0000,50.0000,
IIV000167,Cas Biz Technology,,2023-07-04,2023-08-04,4100.0000,NBC,50.0000,50.0000,
IIV000166,Cas Biz Technology,,2023-07-04,2023-08-04,4100.0000,NBC,50.0000,50.0000,
IIV000165,Cas Biz Technology,,2023-07-04,2023-08-04,4100.0000,NBC,50.0000,50.0000,
IIV000164,Cas Biz Technology,,2023-07-04,2023-08-04,4100.0000,NBC,50.0000,50.0000,
IIV000163,Cas Biz Technology,,2023-07-04,2023-08-04,4100.0000,NBC,50.0000,50.0000,
IIV000162,Cas Biz Technology,,2023-07-04,2023-08-04,4100.0000,NBC,50.0000,50.0000,
IIV000161,Cas Biz Technology,,2023-07-04,2023-08-04,4100.0000,NBC,50.0000,50.0000,
IIV000160,Cas Biz Technology,,2023-07-04,2023-08-04,4100.0000,NBC,50.0000,50.0000,
IIV000159,Cas Biz Technology,,2023-07-04,2023-08-04,4100.0000,NBC,50.0000,50.0000,
IIV000158,Cas Biz Technology,,2023-07-04,2023-08-04,4100.0000,NBC,50.0000,50.0000,
IIV000157,Cas Biz Technology,,2023-07-04,2023-08-04,4100.0000,NBC,50.0000,50.0000,
IIV000156,Cas Biz Technology,,2023-07-04,2023-08-04,4100.0000,NBC,50.0000,50.0000,
IIV000155,Cas Biz Technology,,2023-07-04,2023-08-04,4100.0000,NBC,50.0000,50.0000,
IIV000154,Cas Biz Technology,,2023-07-04,2023-08-04,4100.0000,NBC,50.0000,50.0000,
IIV000153,Cas Biz Technology,,2023-07-04,2023-08-04,4100.0000,NBC,50.0000,50.0000,
IIV000152,Cas Biz Technology,,2023-07-04,2023-08-04,4100.0000,NBC,50.0000,50.0000,
IIV000151,Cas Biz Technology,,2023-07-04,2023-08-04,4100.0000,NBC,50.0000,50.0000,
IIV000150,Cas Biz Technology,,2023-07-04,2023-08-04,4100.0000,NBC,50.0000,50.0000,
IIV000149,Cas Biz Technology,,2023-07-03,2023-08-03,4100.0000,NBC,50.0000,50.0000,
IIV000148,Cas Biz Technology,,2023-07-03,2023-08-03,4100.0000,NBC,50.0000,50.0000,
IIV000147,Cas Biz Technology,,2023-07-03,2023-08-03,4100.0000,NBC,50.0000,50.0000,
IIV000146,Cas Biz Technology,,2023-07-03,2023-08-03,4100.0000,NBC,50.0000,50.0000,